{
  "version": 1,
  "author": "William D'Andrea",
  "editor": "wokwi",
  "parts": [
    { "type": "wokwi-arduino-uno", "id": "uno", "top": 71.64, "left": 36.88, "attrs": {} },
    {
      "type": "wokwi-led",
      "id": "led1",
      "top": -34.24,
      "left": 134.64,
      "attrs": { "color": "red" }
    },
    {
      "type": "wokwi-pushbutton",
      "id": "btn1",
      "top": -15.61,
      "left": 229.11,
      "attrs": { "color": "green" }
    }
  ],
  "connections": [
    [ "led1:A", "uno:13", "green", [ "v21.32", "h1.99", "v51.56" ] ],
    [ "led1:C", "uno:GND.1", "green", [ "v0" ] ],
    [ "btn1:1.l", "uno:11", "green", [ "h0" ] ],
    [ "btn1:2.r", "uno:GND.1", "green", [ "h23.7", "v38.22", "h-167.4" ] ]
  ]
}