{
  "version": 1,
  "author": "William D'Andrea",
  "editor": "wokwi",
  "parts": [
    { "type": "wokwi-arduino-uno", "id": "uno", "top": 104.27, "left": 64.55, "attrs": {} },
    {
      "type": "wokwi-led",
      "id": "led1",
      "top": 34.8,
      "left": 165.52,
      "attrs": { "color": "red" }
    },
    {
      "type": "wokwi-pushbutton",
      "id": "btn1",
      "top": -21.75,
      "left": 241.88,
      "attrs": { "color": "green" }
    }
  ],
  "connections": [
    [ "led1:C", "uno:GND.1", "black", [ "v0" ] ],
    [ "led1:A", "uno:13", "green", [ "v0" ] ],
    [ "btn1:1.l", "uno:10", "green", [ "h0" ] ],
    [ "btn1:2.r", "uno:GND.1", "black", [ "h64.84", "v-62.74", "h-225.56", "v141.86", "h31.92" ] ]
  ]
}