{
  "version": 1,
  "author": "William D'Andrea",
  "editor": "wokwi",
  "parts": [
    { "type": "wokwi-arduino-uno", "id": "uno", "top": 144.7, "left": 35.47, "attrs": {} },
    { "type": "wokwi-led", "id": "led1", "top": 1.12, "left": 48.07, "attrs": { "color": "red" } },
    {
      "type": "wokwi-buzzer",
      "id": "bz1",
      "top": -129.77,
      "left": 124.07,
      "attrs": { "volume": "0.1" }
    },
    {
      "type": "wokwi-resistor",
      "id": "r1",
      "top": 52.56,
      "left": 80.86,
      "attrs": { "value": "1000" }
    },
    {
      "type": "wokwi-pushbutton",
      "id": "btn1",
      "top": -40.14,
      "left": 295.08,
      "attrs": { "color": "green" }
    },
    {
      "type": "wokwi-resistor",
      "id": "r2",
      "top": -37.86,
      "left": 384.83,
      "attrs": { "value": "1000" }
    },
    {
      "type": "wokwi-resistor",
      "id": "r3",
      "top": -5.23,
      "left": 120.96,
      "rotate": 90,
      "attrs": { "value": "1000" }
    }
  ],
  "connections": [
    [ "led1:C", "uno:GND.1", "black", [ "v64.69", "h87.9" ] ],
    [ "led1:A", "r1:1", "green", [ "v0" ] ],
    [ "r1:2", "uno:13", "green", [ "v-0.14", "h36.87" ] ],
    [ "bz1:2", "uno:12", "green", [ "v23.07", "h0.56" ] ],
    [ "btn1:2.r", "uno:5V", "red", [ "h41.43", "v400.39", "h-200.03" ] ],
    [ "btn1:1.r", "r2:1", "black", [ "v0" ] ],
    [ "r2:2", "uno:GND.2", "black", [ "v0.9", "h34.36", "v441.2", "h-273.8" ] ],
    [ "btn1:1.l", "uno:10", "green", [ "h0" ] ],
    [ "bz1:1", "r3:1", "black", [ "v0" ] ],
    [ "r3:2", "uno:GND.1", "black", [ "h0" ] ]
  ]
}