{
  "version": 1,
  "author": "William D'Andrea",
  "editor": "wokwi",
  "parts": [
    { "type": "wokwi-arduino-uno", "id": "uno", "top": 90.35, "left": 18.21, "attrs": {} },
    { "type": "wokwi-slide-switch", "id": "sw1", "top": -12.43, "left": 371.76, "attrs": {} },
    { "type": "wokwi-slide-switch", "id": "sw2", "top": -13.47, "left": 431, "attrs": {} },
    {
      "type": "wokwi-buzzer",
      "id": "bz1",
      "top": -61.59,
      "left": 107.49,
      "attrs": { "volume": "0.1" }
    }
  ],
  "connections": [
    [ "uno:12", "sw1:2", "green", [ "v-38.35", "h8.21" ] ],
    [ "sw1:3", "uno:5V", "red", [ "v289.82", "h-12.19" ] ],
    [ "sw2:3", "uno:5V", "red", [ "v290.86", "h-128.18" ] ],
    [ "uno:11", "sw2:2", "green", [ "v-26.29", "h273.93" ] ],
    [ "sw1:1", "uno:GND.2", "black", [ "v319.61", "h-190.38", "v-59.33" ] ],
    [ "uno:GND.2", "sw2:1", "black", [ "v58.62", "h193.1" ] ],
    [ "bz1:2", "uno:13", "blue", [ "v0" ] ],
    [ "bz1:1", "uno:GND.1", "black", [ "v0" ] ]
  ]
}