{
  "version": 1,
  "author": "William D'Andrea",
  "editor": "wokwi",
  "parts": [
    { "type": "wokwi-arduino-uno", "id": "uno", "top": 125.28, "left": 90.92, "attrs": {} },
    {
      "type": "wokwi-pushbutton",
      "id": "btn1",
      "top": 394.06,
      "left": 268.59,
      "attrs": { "color": "black" }
    },
    {
      "type": "wokwi-buzzer",
      "id": "bz1",
      "top": -19.18,
      "left": 179.04,
      "attrs": { "volume": "0.1" }
    },
    {
      "type": "wokwi-led",
      "id": "led1",
      "top": -83.01,
      "left": 182.07,
      "attrs": { "color": "red" }
    }
  ],
  "connections": [
    [ "btn1:2.r", "uno:GND.2", "green", [ "h27.77", "v-64.21", "h-103.17", "v-45.07" ] ],
    [ "btn1:1.l", "uno:9", "green", [ "h-210.66", "v-295.78", "h194.07" ] ],
    [ "bz1:1", "uno:GND.1", "green", [ "v0" ] ],
    [ "uno:13", "bz1:2", "green", [ "v0" ] ],
    [ "led1:A", "uno:12", "green", [ "v13.43", "h52.7", "v93.49", "h-31.16" ] ],
    [ "led1:C", "uno:GND.1", "green", [ "v14.21", "h-39.36", "v95.83", "h30.38" ] ]
  ]
}